#{"t_start": 1789588070.8804383, "env_id": "None"}
r,l,t
-110.215743,300,17.735626
133.492621,181,28.584144
-109.536969,300,45.765523
-114.387408,300,62.150075
-119.798987,300,80.188863
-222.022824,261,94.674578
24.598111,300,111.125953
-86.813932,300,130.340351
-151.622002,241,143.61746
-27.424139,300,160.13878
15.630412,300,177.583845
11.306213,300,194.44357
171.790826,197,205.985792
62.863944,300,222.645077
-45.850288,300,239.709392
219.747669,243,253.044334
188.158273,226,266.496991
123.815634,213,278.478777
167.663483,294,295.506152
148.952564,219,307.501291
173.624539,267,322.526815
-21.41132,300,340.667564
129.970696,100,346.809901
103.621584,239,360.109665
207.981835,149,368.414856
109.722864,68,372.84991
208.949322,188,383.206998
107.714343,58,387.195778
175.781687,120,394.075375
177.868765,136,402.672343
188.056497,129,409.795772
202.273249,154,418.291114
185.89555,158,427.579132
153.275229,138,435.20041
162.870091,107,441.577674
247.077035,250,456.000841
176.468231,132,463.355124
116.136724,88,468.910954
243.823538,227,482.606524
163.751648,100,488.168411
141.673835,114,494.739708
223.758907,173,504.681256
176.325235,101,510.64864
174.115608,99,516.409536
198.842004,120,523.283092
171.406725,142,531.821364
147.446789,66,535.692115
166.412694,114,542.237964
162.129911,100,547.91386
167.473862,103,553.776276
194.869314,138,561.681808
100.240763,124,569.87938
188.716072,133,577.503415
163.24818,173,587.468244
213.063213,174,598.258528
126.99432,47,601.212083
216.811794,166,610.356554
220.08116,139,618.108927
227.549077,185,628.81323
212.990857,166,639.005848
135.493891,65,643.630724
249.544592,193,654.716996
145.616442,71,658.728513
130.906356,68,663.091182
225.453729,155,671.649997
96.769082,182,683.629412
203.781342,145,691.825561
126.270183,43,694.328908
189.292559,87,699.544135
124.256324,58,704.644431
143.977264,138,714.085137
240.022133,196,725.212955
202.571656,113,733.394213
217.944106,136,740.876876
201.160886,109,747.376663
241.185449,169,758.839289
234.072156,170,768.275272
143.203902,56,771.564892
145.310889,55,774.595407
170.78519,88,780.192733
114.732689,47,783.109607
136.818665,85,787.986483
130.100405,30,789.771356
117.605253,61,793.348305
187.683258,63,798.789093
131.610637,45,801.802258
146.992888,66,805.660301
143.890807,56,808.998214
152.106731,122,816.351678
208.975862,126,823.654615
144.58988,45,826.507264
219.923724,128,833.627478
168.011062,84,839.611197
174.42718,88,844.764299
198.689891,136,852.731033
97.581367,143,860.502511
153.137535,52,863.954794
161.936253,81,868.708909
212.816656,111,875.603016
201.559541,105,882.605725
131.422369,39,885.080333
139.029824,47,888.066986
216.724018,121,895.908371
210.606236,132,903.976529
139.534805,53,907.491857
202.12927,102,913.5416
192.930459,107,920.085559
106.642221,42,922.573551
110.703733,24,924.015563
235.825943,146,933.125376
163.282553,67,937.189977
215.775147,116,945.380429
211.004754,128,952.943936
195.093428,87,958.015455
190.534593,103,963.768463
167.547037,91,969.816056
115.042285,22,971.197541
159.348845,107,977.431353
207.12458,115,983.974368
176.451509,85,989.391673
259.320742,86,994.628051
207.979224,105,1001.539311
151.426431,88,1007.699748
158.056682,74,1012.358672
164.720331,67,1016.385888
227.959022,122,1023.221188
232.041679,124,1030.585492
175.896594,89,1035.933661
113.600013,21,1037.770801
230.49477,130,1045.261547
110.445833,22,1047.947359
197.809299,107,1054.146298
126.068083,43,1056.744718
176.635965,82,1061.390602
165.149147,75,1065.701414
174.97872,72,1070.078762
162.477378,64,1073.665428
133.349331,55,1077.283786
119.563805,21,1079.642939
178.743225,24,1083.002186
190.598761,99,1089.209444
133.943568,44,1092.271392
142.352362,50,1095.295968
179.368081,100,1101.087629
208.030268,87,1106.415392
112.189314,14,1108.353013
163.197346,52,1111.273778
176.569614,44,1115.674543
192.967175,78,1121.311661
115.876741,83,1127.782622
127.377892,34,1130.138938
216.355068,107,1137.650291
109.00244,11,1140.003076
205.225885,101,1146.028336
203.545543,93,1151.510736
140.136311,46,1154.305476
156.92953,53,1157.26788
176.530958,58,1160.49273
154.152588,54,1163.846993
152.936893,47,1166.674041
157.482467,56,1170.145989
176.083504,68,1174.022937
167.100266,83,1178.711375
222.172292,101,1184.234241
185.008558,90,1189.987182
129.940664,65,1194.407921
119.207886,29,1196.020543
110.311199,91,1202.920535
186.269554,78,1207.33377
155.205096,64,1210.923859
134.871071,33,1214.231848
226.902659,112,1220.489933
136.846481,35,1223.080735
169.222481,125,1232.153854
201.179408,82,1236.89387
218.294122,100,1242.450361
118.963345,119,1251.117805
117.614962,33,1253.113012
175.680965,65,1258.107933
189.233929,91,1263.475396
185.109168,72,1268.675204
216.378041,119,1276.250763
223.720801,91,1281.551123
258.239399,78,1287.810224
236.761325,85,1293.039875
193.658279,78,1297.608492
206.158387,95,1303.145816
201.341225,91,1308.143586
186.622627,80,1312.742369
130.624103,46,1315.779493
177.969984,79,1321.372148
180.617469,72,1326.713683
187.555946,72,1331.148261
225.166528,110,1338.500024
156.494702,55,1341.970749
169.759019,76,1346.454257
166.870746,89,1353.456513
144.155791,52,1356.519188
182.921849,126,1364.90568
169.829631,61,1368.383096
179.910239,65,1372.284132
164.215371,51,1375.408119
125.149538,21,1376.76544
229.557106,119,1383.911605
205.812982,80,1388.85363
140.439454,37,1391.154375
163.560941,53,1394.430914
167.157797,52,1398.069362
162.151401,50,1400.82607
170.748798,62,1404.415256
147.68477,48,1407.352271
130.604647,31,1409.976386
197.694879,84,1416.502344
150.166597,57,1420.149709
121.143529,29,1421.924214
204.168066,89,1426.774914
149.23261,47,1429.463025
216.497587,70,1435.256538
145.372207,47,1437.940061
223.796654,102,1443.96064
273.849503,68,1449.941204
121.429076,36,1452.158394
209.660189,125,1461.095972
248.600491,125,1468.419079
127.790447,33,1470.477548
198.471504,90,1475.778903
205.798207,89,1481.6967
166.988219,66,1485.76216
170.211583,62,1489.431941
176.126185,103,1497.20927
221.6141,90,1502.249019
237.979294,108,1508.824085
265.963639,22,1510.384634
175.05521,61,1514.864275
139.755707,45,1517.526872
240.678258,129,1525.38795
224.081563,103,1532.068061
160.002455,55,1535.428305
177.921498,65,1539.173047
170.15488,156,1549.890766
145.402213,39,1552.063862
224.678799,101,1557.770617
125.153303,28,1559.444679
157.566173,53,1562.54355
186.902196,71,1567.486406
235.940049,35,1569.876075
165.182388,82,1574.360732
229.985372,114,1580.859293
173.393839,60,1584.543229
252.043907,161,1595.528146
160.081759,47,1598.375127
136.677794,31,1600.34952
205.068323,81,1604.792959
164.390438,57,1608.337767
195.04664,82,1612.927441
193.193493,80,1617.980938
121.004131,20,1619.659735
131.621932,54,1623.133374
272.21616,53,1626.186528
163.973868,56,1629.36895
212.086741,84,1634.233258
203.556993,75,1639.296909
152.286607,40,1641.533477
190.332423,74,1645.611701
114.011905,22,1647.018279
119.152788,53,1650.330706
123.153887,26,1652.187855
201.819215,89,1657.408093
220.657774,97,1663.727969
205.141832,87,1670.150369
169.108755,54,1673.382753
142.327835,37,1675.419964
196.180467,78,1681.114215
128.696782,25,1682.565606
213.083434,83,1687.883611
143.422227,37,1691.465349
169.774997,57,1695.07078
204.77269,90,1700.434997
183.3671,75,1705.392824
231.881023,51,1710.149859
246.061305,126,1717.081304
179.58893,62,1721.744142
169.108319,53,1724.867127
145.42171,35,1727.411611
189.365916,83,1732.115337
138.741196,78,1738.372505
152.806565,46,1741.634954
158.073141,54,1745.298358
240.040647,113,1751.610192
133.101774,41,1755.07173
186.495882,8,1757.548494
148.112477,67,1763.156794
122.373173,27,1765.489745
142.526922,37,1767.868905
159.812462,62,1771.532681
133.842787,37,1773.713132
147.750339,44,1776.593019
193.943189,64,1780.614743
160.706459,57,1783.90136
154.098206,49,1786.86888
132.434872,24,1789.570248
144.132048,37,1791.693112
177.62925,53,1794.671814
145.474277,38,1798.423767
206.237653,83,1803.575243
147.642977,42,1806.213704
200.269165,80,1811.654671
176.710632,61,1815.237435
151.336267,46,1818.422332
199.621215,80,1823.639859
147.378533,36,1826.385773
219.392131,90,1831.555924
134.691149,29,1833.207216
229.355636,97,1840.407504
243.55489,106,1846.356767
215.072967,99,1851.81346
261.65322,86,1858.56346
209.524634,82,1863.627347
157.516374,52,1868.469743
118.281069,15,1869.419186
109.177723,18,1870.703293
224.128163,99,1877.569182
219.663265,101,1883.67131
174.027966,63,1887.365152
140.537278,33,1890.588525
229.969461,99,1896.545373
148.784441,71,1902.412345
167.715111,60,1907.735801
120.585779,62,1913.126832
215.786056,85,1919.309199
161.061865,44,1922.082783
115.06453,16,1924.317555
115.985694,20,1925.733254
229.329034,107,1931.909168
126.59396,23,1933.703234
119.148975,17,1935.778584
198.90322,68,1939.698875
173.857523,57,1943.616191
165.129689,48,1946.523232
214.230281,84,1951.388092
203.764632,71,1955.682756
193.795373,65,1959.377947
147.350166,37,1962.653067
229.178967,47,1965.254185
212.810326,86,1969.977085
115.834287,21,1972.712298
215.825863,82,1977.934586
128.351106,20,1979.242535
212.942237,79,1983.917864
179.066464,58,1987.292
172.476604,56,1990.683435
134.208291,31,1992.716805
188.150273,62,1996.241972
146.024923,40,1998.572716
189.145425,70,2002.400897
211.975815,82,2006.923508
179.419412,62,2011.868696
130.325692,26,2013.437451
155.302269,38,2015.545066
205.769832,34,2018.159681
117.575729,12,2018.899137
207.630154,80,2023.626342
160.493686,79,2028.317365
212.982231,82,2032.932005
160.24889,48,2036.507034
188.554461,64,2040.770307
164.516149,59,2045.997613
172.291085,57,2049.268207
196.512236,69,2054.051137
194.958512,70,2059.261263
199.874651,74,2063.923521
107.094915,8,2064.73553
123.917096,18,2066.086904
133.455579,29,2067.849972
228.419468,57,2073.008052
180.131558,55,2076.384269
218.628554,82,2080.994288
205.397258,73,2085.177133
218.656397,84,2090.060317
150.962923,40,2092.551081
166.368746,49,2095.375113
179.227583,57,2099.512472
151.290917,37,2101.794246
194.860824,109,2108.003893
168.289631,52,2111.207743
190.546687,64,2115.111143
207.650506,71,2119.239611
202.109001,70,2123.348459
123.964758,23,2124.761865
122.789345,18,2126.054772
164.72792,55,2130.174579
203.826092,72,2134.304474
131.65899,28,2135.917556
227.605067,91,2142.852349
178.556368,53,2146.373375
159.51361,42,2149.38307
149.886455,42,2151.684789
111.779039,16,2153.531452
170.792289,57,2157.10983
179.814354,74,2161.509847
237.560053,99,2167.065697
148.616977,37,2169.412098
194.942605,67,2173.271486
237.33518,112,2179.876985
158.909872,43,2183.682348
125.82293,25,2185.203922
151.833613,35,2187.331171
117.190105,12,2188.32738
244.645895,100,2194.057395
231.806811,84,2199.970516
182.991804,61,2203.469164
190.144223,60,2206.828686
163.781455,57,2210.923018
159.506821,49,2213.705993
152.170555,35,2215.662154
177.261028,55,2219.717746
124.766584,19,2221.170299
147.38759,35,2223.256487
214.480161,85,2229.67046
131.486398,25,2231.898557
136.895907,25,2234.602185
243.933066,98,2240.420333
185.867431,64,2245.144633
141.471076,28,2247.092715
190.41711,65,2252.138509
170.766666,52,2255.16555
259.231495,109,2261.328219
265.788293,48,2264.002621
311.729374,80,2270.458543
146.024188,36,2273.380637
286.211539,86,2278.348684
158.611977,45,2281.063322
114.977636,13,2282.205559
235.581047,93,2287.404424
163.611382,46,2290.322562
103.874063,3,2290.539137
154.790545,102,2296.600217
139.363993,96,2303.756814
204.981908,71,2308.068319
171.929152,51,2311.133847
169.701682,51,2314.128052
200.610229,66,2319.320695
166.495092,44,2321.96474
202.193205,70,2326.238232
131.13965,26,2327.855944
200.186018,71,2333.156612
168.614296,29,2334.965098
159.680123,39,2337.302606
119.945923,18,2338.531809
207.197439,72,2342.75876
225.381325,88,2347.982445
111.487049,13,2348.80317
151.941626,36,2351.13785
181.007639,56,2354.472984
231.363262,85,2359.506456
216.195882,76,2364.047
124.356182,17,2365.104395
206.979977,74,2369.758999
231.641294,82,2374.438195
130.537028,48,2379.119343
218.808061,89,2384.048804
163.362532,53,2387.450927
166.044326,43,2390.006261
247.355755,62,2393.669544
137.231341,23,2395.053543
293.445731,95,2402.245931
114.38299,10,2403.87452
261.463127,105,2410.291953
243.110182,96,2416.811862
169.217843,51,2420.106211
187.903308,65,2424.584903
121.102317,33,2426.703585
190.468541,106,2434.518007
158.634158,48,2437.293435
237.290343,90,2442.37513
200.156319,72,2446.850935
246.225086,109,2453.007134
153.599178,36,2455.193947
196.73276,67,2459.133149
221.079374,94,2466.323463
161.759676,45,2469.758207
179.1901,51,2472.978279
177.161018,52,2475.955911
140.468231,26,2477.715314
191.554635,58,2481.357688
191.367696,57,2484.833114
178.23303,53,2488.122767
202.707899,72,2493.962223
188.641987,59,2497.167897
200.39401,68,2500.859231
159.170394,43,2504.144217
231.518649,87,2508.899511
185.58748,54,2512.342462
232.366147,85,2516.972208
210.164466,75,2522.21197
212.995213,58,2527.38792
193.884426,66,2532.021233
214.495527,77,2536.237919
145.03802,32,2538.321416
163.930055,46,2541.305699
154.044144,35,2543.619625
117.623248,37,2547.616697
176.448844,57,2552.42507
137.360471,26,2553.992272
203.98332,68,2557.833842
158.499827,56,2561.349015
194.028906,62,2565.11654
188.925076,60,2568.664707
239.336749,91,2574.098702
129.930235,24,2575.51286
159.456551,44,2578.13458
141.414886,31,2579.917319
172.145184,49,2582.751199
178.930618,52,2585.866444
177.449971,50,2588.80787
143.75427,55,2593.803821
122.667718,19,2596.445525
100.083693,45,2600.853466
266.104129,114,2608.120418
170.244116,49,2611.763924
198.363607,71,2616.8264
212.609014,77,2621.289884
164.490409,40,2623.861295
173.450612,50,2626.654271
184.838882,28,2629.556589
118.703562,72,2633.57876
135.255835,28,2635.429283
155.548369,43,2638.414775
140.718969,30,2640.102663
152.770306,40,2642.504179
178.381719,57,2645.919855
247.542236,96,2652.062901
151.212873,34,2654.073755
145.033199,30,2655.935828
187.048086,64,2659.665869
229.435223,86,2665.508534
187.597469,57,2668.658238
258.593021,99,2674.851609
221.303451,96,2680.479189
137.914092,28,2682.144261
151.356151,36,2684.660894
188.951729,58,2687.942756
174.742232,73,2692.153073
267.401335,80,2698.641843
143.489117,36,2700.759268
170.036558,45,2703.757478
252.218757,101,2711.098
309.021712,62,2714.61377
145.315151,30,2717.716972
185.546565,54,2721.048569
233.848882,87,2726.645548
166.47262,44,2729.061235
143.896352,38,2731.646033
177.786483,55,2734.804611
153.633154,48,2738.882332
200.515691,103,2746.417705
205.933555,68,2750.875782
255.279614,98,2756.185533
181.073017,51,2759.74373
206.402678,71,2764.675766
219.126116,29,2766.345492
131.788558,20,2767.560168
104.572354,27,2771.128441
232.002996,87,2776.298213
171.286978,50,2779.136594
155.4027,36,2781.199721
184.89375,53,2785.039973
236.308436,90,2790.210548
225.270217,81,2795.152077
233.490289,87,2800.145103
179.627969,10,2800.792216
114.1355,20,2802.223418
224.947596,88,2807.19962
181.125403,51,2810.226017
214.01869,115,2818.486846
203.361126,71,2823.060888
222.075337,85,2829.880825
150.543283,33,2831.791414
199.876563,62,2835.778068
129.818594,31,2838.519356
113.542208,9,2839.171786
212.828363,65,2842.812044
227.530623,79,2848.319726
178.872964,52,2851.579869
188.918704,56,2856.641937
191.685991,63,2860.338179
184.025568,59,2863.9854
175.707876,48,2866.924444
241.121125,88,2872.918072
150.990635,32,2875.396158
147.587133,47,2878.263711
166.793994,49,2881.160586
167.858759,50,2884.362985
169.771054,43,2887.030819
160.250558,37,2889.239199
251.860065,101,2895.166349
173.142925,46,2897.798728
148.569521,33,2900.132186
199.772262,63,2903.9713
218.667733,44,2907.099909
277.8614,98,2914.819905
219.29122,82,2919.790842
166.125962,49,2923.361876
190.261612,59,2926.704042
171.506252,48,2929.544985
144.568253,32,2931.769625
146.243333,30,2934.241702
166.024413,46,2936.946878
202.827854,68,2941.107622
164.332758,41,2943.900515
164.673937,47,2946.854928
280.722289,55,2950.014662
150.996968,33,2951.888635
167.072434,41,2954.140919
132.245663,23,2955.806991
108.332623,7,2956.402785
157.911427,45,2959.467239
163.22716,43,2962.198624
220.230577,91,2967.500803
169.400239,47,2970.175413
140.938404,28,2972.365163
208.791008,70,2976.627528
143.521816,30,2978.610904
201.057214,71,2982.649473
111.948902,12,2983.350424
129.908982,19,2984.593731
152.635562,87,2989.461938
194.476914,63,2993.066268
262.431601,114,2999.444027
244.37516,92,3004.542014
203.608227,66,3008.629056
205.039467,67,3012.474198
143.86886,28,3014.116576
142.291342,31,3015.983214
217.842246,78,3020.342812
227.585749,86,3025.182404
168.373032,44,3027.761139
186.595654,56,3031.102177
203.86928,71,3035.464988
158.362721,37,3037.788485
192.378976,58,3041.327757
200.757718,66,3045.142758
156.426544,38,3047.730829
154.527536,35,3049.917445
159.458378,47,3052.751019
193.728713,61,3056.465518
233.379719,86,3061.772897
177.954721,51,3064.943666
174.196339,51,3068.122931
201.396282,69,3072.035228
183.389205,53,3076.04029
202.532796,71,3080.110106
143.47847,54,3083.588769
206.345254,68,3087.609429
236.749399,25,3089.762606
174.818575,50,3093.793914
144.340658,31,3095.518821
168.586475,47,3098.68997
147.682826,44,3102.61513
162.172596,45,3105.236734
142.28868,29,3107.49772
264.070378,116,3114.444756
197.311552,34,3116.701983
193.999073,61,3120.173596
209.524624,71,3124.19675
116.707069,19,3125.487448
189.04375,56,3128.855098
152.393281,35,3131.248039
171.55,46,3133.813403
165.268582,42,3136.360917
212.827628,75,3141.07481
178.991743,30,3142.955581
109.680211,10,3143.656478
256.133463,104,3149.594508
144.494415,31,3151.473907
159.238026,43,3154.423287
232.665158,86,3159.328729
170.685875,45,3162.746561
119.908897,14,3164.981942
162.833013,40,3168.673126
192.601225,66,3172.578615
211.917889,72,3176.868458
139.484393,28,3178.442006
242.734477,74,3184.456763
191.428834,42,3188.771945
225.85656,78,3193.335249
127.284494,18,3195.984359
197.022859,60,3199.859159
215.700896,75,3204.608783
244.108706,97,3210.24525
213.482893,11,3212.625411
221.131687,62,3217.001308
144.162122,32,3218.976991
201.504848,68,3223.237637
208.000522,69,3226.9825
217.968102,17,3229.909031
278.64068,119,3236.885378
209.557633,69,3241.152268
235.884841,92,3246.562082
181.895387,53,3249.736318
168.692435,44,3252.330206
200.31664,64,3257.108608
164.849906,46,3259.816632
204.456805,70,3263.623348
212.856028,70,3269.404455
257.703916,105,3276.651158
170.318322,46,3279.355709
190.898403,62,3284.672728
182.171094,52,3287.523346
115.41936,11,3289.689767
125.076954,18,3291.473073
157.403366,70,3297.310429
167.559519,43,3300.303881
190.32764,60,3304.528082
166.470337,47,3307.195555
189.481541,56,3310.500016
180.651075,54,3314.076149
130.351021,19,3316.703133
141.127374,28,3318.685215
257.217185,100,3325.578049
125.768909,17,3326.746024
160.347935,44,3329.50317
200.912617,67,3333.357454
157.32282,40,3335.678521
190.698711,56,3340.710247
208.14408,68,3344.803398
151.061287,33,3346.774742
122.335199,18,3348.221315
132.823985,26,3349.846019
139.47483,27,3351.58421
107.690569,25,3353.265272
146.683733,30,3355.3506
234.904181,88,3360.617327
188.88088,61,3364.179704
115.608923,15,3366.003212
176.478222,52,3370.245527
162.793311,45,3372.71139
220.943443,79,3377.643189
241.145623,89,3382.691614
190.482494,57,3386.245151
212.696807,73,3390.514964
143.644738,32,3392.523073
153.016388,61,3396.082916
187.25581,55,3399.622676
187.944976,7,3402.048928
168.300691,45,3404.725933
252.34337,101,3411.463249
186.008715,58,3415.168849
153.808607,35,3417.216757
236.472733,94,3423.016299
191.135081,63,3426.853459
165.74625,43,3429.692497
218.712422,76,3433.937469
211.623052,69,3438.043751
183.680398,53,3441.275529
121.256822,19,3442.449059
185.606223,58,3445.789557
140.096376,27,3448.199484
191.969805,60,3452.518894
119.559815,21,3455.232213
236.742972,89,3460.223184
197.351062,46,3464.742273
199.128645,64,3468.529639
146.401497,34,3470.658064
192.635494,58,3473.920007
128.382031,21,3476.905701
204.298852,51,3479.827532
164.563177,43,3482.536675
130.715564,24,3484.873551
214.804715,74,3489.28372
241.831107,117,3495.775457
253.078384,96,3501.709006
164.13044,40,3504.849013
223.622285,79,3510.443134
140.525791,25,3512.614394
172.099853,44,3515.174255
169.176128,44,3519.270617
110.602424,7,3519.702357
170.465901,52,3522.636951
229.818802,81,3527.98503
157.513362,50,3531.900432
196.413514,63,3535.563169
132.048545,27,3537.338183
205.208829,72,3541.736036
160.403971,43,3544.147038
166.142941,45,3546.997426
196.148205,59,3550.837079
125.278475,17,3551.873506
205.938947,66,3555.550151
116.042138,14,3556.54232
180.217091,50,3559.979817
162.089663,40,3563.434891
166.744007,45,3566.155934
197.324534,64,3569.925763
175.987553,48,3573.156675
116.559792,21,3574.653694
214.799181,80,3578.973166
224.482226,31,3581.572051
206.013477,50,3586.313251
239.586342,91,3591.273688
152.522304,37,3593.400363
225.129474,76,3597.802607
211.26597,72,3602.019078
154.684432,40,3604.298509
124.25635,100,3610.007051
142.650777,33,3612.07286
216.995813,76,3616.530216
187.034557,55,3619.644859
167.965909,47,3622.423834
198.202598,80,3627.539138
234.581158,86,3632.735277
206.393457,71,3636.575821
114.636589,10,3637.22159
140.319461,25,3640.625283
171.858048,51,3643.521237
184.003981,53,3646.523912
203.097925,67,3651.872256
191.836113,62,3655.766083
155.582652,37,3658.941094
127.712416,62,3664.280028
115.51135,10,3666.069169
125.082263,21,3667.441347
125.945456,70,3673.309688
127.986529,19,3674.616062
189.580483,58,3677.939149
245.222889,96,3683.25821
193.948674,60,3687.322797
211.592738,68,3691.302338
191.253098,60,3694.747076
119.862275,17,3696.301464
142.177005,31,3699.986479
193.640292,103,3707.764698
232.660947,84,3712.622741
141.753708,26,3714.242165
153.152598,33,3716.177823
192.416389,56,3719.229659
181.622137,52,3722.493123
117.825216,14,3723.780827
140.692132,32,3725.602176
151.297499,32,3727.42617
149.090254,33,3729.740536
144.569826,32,3732.069031
195.024236,63,3736.926364
172.771024,49,3741.254697
251.774388,95,3746.444247
189.112358,57,3751.284179
276.315676,100,3758.644727
227.340607,87,3763.661395
272.867356,96,3769.629273
185.085541,55,3773.129065
246.274135,91,3778.401669
172.252515,48,3781.36292
171.309218,48,3784.81348
157.946533,104,3792.450321
165.806511,76,3798.570046
197.405054,61,3801.971833
152.090613,39,3804.457331
150.546047,31,3807.856735
163.119793,40,3810.540718
247.090015,98,3815.836064
201.750956,66,3820.082204
99.893781,1,3820.840509
238.657908,90,3826.167396
100.589445,4,3827.364672
187.131965,54,3830.323259
177.255229,56,3833.389689
114.794454,12,3835.343988
198.043787,63,3839.661123
154.425659,35,3841.692071
167.154543,41,3844.642417
165.212758,44,3847.42237
193.006529,61,3851.046268
164.054087,42,3853.645334
164.941481,46,3856.728222
165.938426,44,3859.436823
232.529944,85,3864.255621
199.555425,65,3867.802089
211.616985,93,3873.499181
234.484228,88,3878.70346
177.852688,48,3881.819549
143.165319,27,3883.603908
143.770386,27,3885.163464
217.293824,75,3889.753303
172.066554,45,3892.607574
154.604261,85,3899.534911
132.357813,25,3902.029779
152.182606,33,3905.447619
200.292182,62,3909.368005
179.712244,49,3912.361549
155.511512,34,3914.398685
179.336187,56,3918.197709
184.817646,52,3921.626321
172.768043,47,3925.147919
168.008973,42,3927.47371
125.103784,18,3930.137939
147.458024,34,3932.1254
201.620362,70,3936.043126
120.493829,14,3936.88434
237.448414,86,3941.803638
165.101743,43,3944.420203
177.271763,51,3947.54529
210.65256,68,3951.663474
241.962804,91,3957.180064
230.48408,85,3962.369659
224.549336,80,3967.264155
209.824546,68,3971.615303
173.085183,45,3974.520134
99.96944,1,3974.642569
135.807168,28,3976.441781
177.38893,51,3979.748101
210.73013,67,3983.722255
161.555443,40,3986.726684
161.468977,38,3988.873834
165.461159,42,3991.6733
168.211123,48,3994.304162
245.403415,97,4000.366635
187.311927,34,4002.624487
187.826485,57,4006.372619
139.795698,25,4007.924755
132.127383,22,4009.210946
206.091447,67,4013.615506
177.129231,51,4016.742967
103.987114,3,4017.087081
228.367671,82,4021.782404
237.959263,84,4028.296613
241.605311,109,4034.792182
166.226732,43,4037.668285
145.346843,31,4039.682431
258.299537,99,4045.356997
244.374504,98,4051.014828
152.867001,40,4053.892584
237.512975,72,4058.441455
137.724364,25,4060.239807
223.377034,75,4064.659632
233.658795,85,4069.271073
118.870044,14,4071.582209
157.467617,37,4075.121639
159.545451,39,4077.838689
182.682104,57,4081.149706
123.019039,18,4082.509788
113.012087,13,4084.092527
197.618253,62,4087.833539
200.073647,62,4092.076417
181.466438,53,4095.238766
137.774533,28,4096.816723
121.858034,14,4097.687618
237.30118,88,4102.792668
214.878053,80,4107.677633
194.113287,58,4110.935034
138.0106,28,4112.569149
192.422717,58,4115.880249
156.689663,38,4118.701591
145.740553,31,4120.570658
162.256051,59,4125.87048
125.665892,17,4127.13431
239.685997,92,4132.271966
169.622243,46,4134.964897
159.970922,41,4137.355206
188.752868,54,4140.546431
178.37571,52,4143.745679
173.608102,45,4146.318169
212.634171,70,4150.39807
173.649021,46,4153.037231
193.17247,58,4157.933853
226.697177,93,4163.368022
131.281232,23,4164.699844
188.665968,58,4167.94113
136.353709,108,4175.797584
171.644398,45,4178.550343
156.16759,40,4181.038705
179.366611,53,4183.954999
225.820708,86,4188.886482
161.399871,42,4191.282552
113.450777,47,4194.056747
153.712281,48,4196.886704
198.595632,65,4200.783178
157.821563,39,4204.27177
177.756084,47,4207.387485
176.690429,48,4211.197564
155.426453,40,4214.131894
199.405934,63,4218.414672
157.053965,37,4221.062759
163.068215,42,4223.729594
100.352124,5,4225.095248
119.104318,15,4226.691106
219.868917,29,4228.361199
231.968375,88,4234.658429
143.506097,36,4236.998235
126.556302,30,4238.812239
161.610112,39,4241.123607
136.293061,26,4242.680112
114.494842,13,4243.438258
119.854608,14,4244.25014
185.800951,55,4247.969043
175.495885,47,4251.261274
132.484964,22,4252.719491
195.221797,64,4257.562111
146.798495,29,4259.465536
227.366393,79,4264.805132
163.131314,41,4267.814051
143.29183,35,4269.85827
172.129601,92,4275.136778
136.130405,27,4277.576537
226.156321,81,4281.990623
155.204808,36,4284.474267
207.079693,73,4288.898373
207.750432,66,4293.057938
137.458817,50,4296.959259
172.800082,48,4299.659018
203.890786,65,4304.215634
146.51809,33,4306.236362
126.818264,17,4307.275243
151.484697,35,4309.242097
254.064767,93,4315.283914
221.991621,75,4319.545345
205.830594,68,4323.517924
223.432891,79,4328.557961
190.545667,56,4331.754778
180.321584,50,4336.282031
160.574438,41,4338.631402
172.997623,50,4342.186146
187.590417,55,4345.261779
233.479362,87,4351.451451
222.837149,76,4356.508039
246.274704,95,4362.430078
267.904216,61,4367.816218
154.342829,37,4369.938039
154.77228,35,4371.876888
181.670196,50,4375.214132
160.355395,39,4377.361322
214.570449,69,4381.120048
115.974375,14,4383.233481
136.892701,24,4384.737341
193.393763,32,4388.477623
232.159993,80,4393.575319
223.629193,83,4398.241317
177.625956,49,4401.69266
208.4098,69,4406.404927
236.983601,84,4411.811069
147.04535,29,4413.695174
148.160752,32,4415.566847
176.13744,52,4419.4582
152.119267,34,4421.987952
191.610902,56,4425.747619
141.782202,50,4430.45227
203.624742,66,4434.242441
168.158096,46,4437.488578
154.44404,35,4439.675749
268.453276,81,4444.294936
159.956505,37,4446.967501
174.947741,47,4450.236468
126.439433,20,4451.495723
258.566072,103,4458.050617
215.542669,76,4462.867773
125.399254,19,4464.269179
163.677722,39,4466.626506
228.96163,80,4471.200574
105.213162,6,4471.65368
141.843704,32,4473.621611
174.885237,47,4476.393511
162.139574,38,4478.734453
115.505438,11,4479.390837
227.248405,78,4483.675368
195.417369,65,4487.76408
126.050286,19,4488.879041
160.527394,37,4491.028701
133.053607,21,4492.361096
122.881828,24,4493.879442
150.283105,34,4496.003073
163.457865,44,4498.887863
108.977557,7,4499.73644
199.778316,61,4503.169198
150.688325,33,4505.713935
187.330916,57,4509.157104
169.346348,43,4511.617321
159.229378,36,4513.687083
194.93818,59,4517.932366
220.684036,75,4521.985013
204.130566,68,4526.042761
221.953299,85,4530.815893
206.163524,74,4535.022769
225.644266,87,4539.88132
171.535085,52,4542.906915
226.425146,78,4547.461491
176.328116,49,4550.345739
215.650261,71,4555.275282
201.849405,78,4559.913975
202.057587,66,4563.525334
157.94316,37,4565.638005
173.885682,47,4569.858862
118.577504,12,4571.098096
234.774724,85,4575.986557
166.349623,45,4579.251322
200.662761,63,4583.647899
174.884785,47,4586.500819
106.570301,9,4587.064377
136.216338,27,4588.637085
127.122797,17,4589.989495
131.269483,20,4591.445055
248.230953,67,4596.204008
147.204586,39,4598.445704
138.601087,25,4600.486091
175.571106,51,4603.57057
139.021373,25,4605.018361
246.276586,96,4610.611723
170.88644,46,4613.318598
216.467088,77,4617.783208
192.895319,64,4622.108787
156.27332,37,4625.580918
225.077726,79,4630.004979
254.997338,94,4635.394738
222.547068,76,4639.632829
150.056952,32,4641.438743
179.76419,49,4644.906007
170.327163,48,4647.883559
166.497634,41,4650.211892
150.335654,34,4652.477743
183.604007,52,4655.646567
140.401903,28,4658.824736
181.265795,54,4662.8908
203.161368,67,4667.052003
218.53611,21,4668.869868
240.558445,90,4673.816703
184.186483,51,4676.670216
121.014958,17,4677.812553
152.781446,39,4680.133353
190.837642,75,4684.660278
142.741549,30,4687.054734
137.377888,43,4690.428702
254.700335,99,4696.335071
244.708651,88,4703.042704
249.36985,100,4708.792358
129.898821,21,4710.359528
148.167892,30,4712.138669
222.454018,77,4716.701449
239.738943,90,4723.021724
133.260521,23,4724.59123
250.644032,18,4725.933774
161.003409,39,4728.463266
134.000158,21,4730.017963
227.621876,29,4731.984002
153.149491,35,4734.078483
97.624527,46,4736.842704
179.171639,51,4739.7895
141.923338,52,4743.238528
136.656852,27,4745.629672
224.78508,81,4750.300965
180.012004,53,4753.329747
131.413634,21,4755.733396
196.192233,61,4759.531162
212.750208,71,4763.576966
163.218576,43,4766.835346
175.462089,47,4770.303766
221.314254,75,4774.57114
165.121616,42,4778.547865
222.121364,33,4782.324165
146.532469,29,4784.092604
274.145583,108,4790.667549
158.0158,38,4792.927366
185.405838,77,4799.278633
236.748316,84,4803.993236
180.652082,56,4807.536924
139.928988,25,4809.143143
167.852083,52,4812.147109
153.208623,43,4815.362839
210.873349,69,4820.667053
178.350768,51,4825.019607
181.054698,68,4829.21889
265.191406,106,4835.693189
221.614355,78,4840.232544
239.863304,90,4845.277766
146.16153,34,4847.309343
158.439925,36,4849.349836
114.79641,12,4850.158696
175.54107,47,4852.899443
114.88887,13,4853.703177
236.655096,60,4858.085291
213.514094,84,4864.614279
166.299188,43,4868.04515
230.235736,79,4872.962299
113.55876,11,4873.723195
165.082304,43,4876.336615
141.513987,27,4877.91236
102.123574,6,4878.418683
178.687292,49,4881.276509
141.024952,28,4883.046966
148.896311,39,4885.732721
212.10902,68,4891.012389
197.089979,61,4894.665162
313.474892,118,4903.017742
178.832224,49,4906.339198
186.659808,53,4910.538355
182.097739,53,4913.495975
197.534601,63,4917.058949
127.01539,20,4918.565484
160.524603,43,4921.061621
108.248758,9,4922.292285
140.762235,25,4923.869587
209.744943,69,4927.75002
164.282019,46,4931.974916
99.927475,1,4932.215304
174.303326,48,4935.078988
189.458926,55,4938.128742
135.568319,22,4939.758553
139.560998,29,4942.674485
230.111605,88,4947.452159
197.308863,61,4950.764634
142.286736,26,4952.970061
207.003113,69,4957.109894
134.936505,23,4958.416291
164.232687,43,4960.999006
150.959685,33,4962.853203
215.54209,70,4966.725792
138.307839,26,4968.701672
145.50491,33,4971.37722
145.337013,33,4973.447934
168.498026,39,4976.234134
176.85503,47,4979.159981
134.161788,26,4982.600282
156.153738,52,4986.796696
197.330257,68,4990.650402
226.891453,57,4993.959919
198.222521,65,4998.191679
157.692848,38,5000.38329
164.044325,41,5003.160381
192.607799,59,5007.14533
154.015774,34,5009.255062
156.151962,35,5011.492816
250.834271,74,5015.598254
172.911096,48,5018.94053
159.18791,39,5022.183004
235.040947,82,5026.803131
226.317253,81,5032.63575
215.207389,73,5037.064896
167.399086,41,5040.399721
146.327518,37,5042.776584
156.261897,35,5045.304592
111.751118,11,5046.659101
167.830145,45,5049.29421
238.788221,88,5054.059494
121.749984,17,5056.635464
232.341848,76,5060.978829
215.686165,74,5065.225461
117.504936,12,5066.287529
212.604311,69,5070.202245
127.333842,67,5075.834433
221.602138,75,5080.006801
185.698567,53,5083.007619
235.08697,86,5088.366637
205.301638,65,5092.192696
231.939954,88,5097.562487
208.440762,50,5100.604808
180.695461,50,5103.377915
162.205969,42,5105.73896
166.777869,43,5108.374296
192.138526,59,5112.081098
163.978815,39,5114.316808
201.311756,4,5114.756712
148.33408,30,5116.662202
200.468803,63,5120.897789
139.96505,70,5126.69138
125.802639,18,5129.717148
225.778478,78,5135.411408
255.336338,100,5141.568572
164.388655,43,5145.10149
167.794414,46,5147.769316
117.441521,13,5148.611886
167.713416,45,5151.238976
173.939934,49,5154.058948
190.36287,56,5157.94057
270.207113,81,5164.362721
136.73164,31,5166.312825
116.267073,12,5167.498424
209.356646,69,5171.2312
166.089987,45,5173.733308
209.836216,52,5178.546035
146.987669,32,5180.418127
139.409526,34,5182.883565
264.562813,97,5190.285743
158.985713,37,5192.583098
196.197939,93,5198.318134
157.080597,39,5201.145435
172.371411,49,5203.93626
112.087824,8,5204.492085
189.771656,58,5207.883624
182.297387,51,5211.093701
204.113819,63,5215.863422
133.941633,22,5217.386623
191.772345,58,5222.339095
204.432353,65,5225.925605
167.680077,45,5228.725833
204.716928,82,5233.679197
150.130646,32,5235.766906
189.418546,60,5239.242325
201.219121,66,5243.022492
259.62382,100,5248.422658
148.626386,34,5250.47157
197.642866,34,5253.235048
265.048972,85,5259.857822
114.424051,12,5261.157101
237.573771,86,5265.914557
201.260554,63,5269.606172
135.337129,23,5272.405856
194.649472,65,5276.047533
163.616856,42,5279.104398
162.557054,49,5282.053938
178.367549,53,5285.754772
164.269576,39,5288.168623
202.173761,63,5292.450861
197.083851,33,5294.944336
159.466525,37,5298.320593
220.305019,95,5305.507225
129.660479,19,5306.751821
204.920528,69,5310.548633
191.301999,56,5313.62503
252.141097,85,5319.128939
233.903047,82,5324.826176
178.272218,48,5327.828935
168.953626,43,5331.177458
215.412263,74,5335.231424
183.857482,55,5338.62603
249.856972,91,5343.608621
199.956017,67,5347.373861
190.982274,57,5351.255631
226.119906,76,5355.481113
158.086272,37,5358.904106
167.934422,43,5361.265531
226.487523,78,5365.791213
168.200025,45,5368.86318
196.604898,62,5372.551279
185.939992,55,5375.807012
164.556497,41,5378.281068
254.822768,96,5384.354295
147.354139,30,5386.293341
157.095725,35,5388.59358
170.984788,48,5391.554432
190.665287,47,5394.375654
238.928288,89,5399.479517
116.202451,43,5402.231823
176.42297,51,5405.082407
191.703368,58,5408.357395
139.280544,27,5410.40127
120.564948,13,5411.330583
195.904077,63,5415.540571
228.303427,57,5419.265737
193.087104,66,5422.922159
136.651043,24,5424.675016
167.00927,43,5427.315488
177.839354,50,5430.940683
222.927839,76,5436.071911
267.937716,103,5443.050233
108.35388,10,5443.828306
146.354176,31,5445.607023
99.548986,1,5446.66997
261.642982,101,5452.319408
146.219002,30,5454.132582
164.130087,41,5456.674033
224.691473,78,5462.849627
153.901838,33,5465.658437
123.494243,20,5467.044754
221.012841,79,5471.803578
132.061929,21,5473.076264
106.079744,37,5475.375931
154.866731,39,5477.737453
117.079311,54,5481.00799
257.371233,95,5486.666049
145.442877,34,5489.457418
172.881503,46,5492.362906
138.834706,27,5494.602149
126.85416,17,5495.753828
190.298641,52,5500.645553
233.754334,90,5505.606279
204.628703,68,5510.837302
209.127777,70,5515.300855
184.14876,56,5518.770982
208.747308,75,5524.260901
146.482992,29,5526.537491
240.050759,70,5532.466683
273.827121,112,5538.629355
213.565138,70,5543.36101
214.521758,79,5549.556056
188.512602,54,5554.494128
152.606645,33,5557.353794
225.737249,77,5561.514491
211.276503,71,5566.152306
219.256469,75,5571.626101
202.341784,64,5575.122141
195.092953,60,5578.498632
171.293134,46,5582.405309
119.797805,15,5584.554671
190.057451,55,5588.147752
215.988324,72,5593.883063
170.719341,44,5596.285346
184.181761,53,5600.4026
142.503111,27,5603.918183
138.407518,55,5608.905313
232.179695,85,5613.820029
168.412152,45,5617.346966
194.833339,60,5620.979188
162.602675,44,5624.210397
214.958304,74,5628.794862
178.268768,49,5632.416139
183.182463,54,5635.986376
179.572107,74,5641.848633
196.088867,58,5645.264459
304.657584,93,5650.668877
168.377851,42,5653.036497
128.76587,18,5654.596083
176.496437,29,5656.336683
168.356694,44,5659.009501
167.947818,45,5661.972194
210.30823,72,5666.164916
163.710794,42,5668.706844
174.696693,46,5671.474463
219.607366,72,5677.270009
182.795243,54,5681.451751
169.966719,19,5683.064313
152.974932,35,5685.149122
119.909123,16,5687.353306
149.768866,31,5689.926116
159.850183,36,5692.054665
249.865947,91,5697.298201
177.550063,49,5700.748437
209.318447,69,5704.647071
168.90988,42,5707.623809
184.683791,52,5711.038748
198.411603,61,5714.494805
181.771843,52,5717.547682
162.639974,41,5719.952556
164.868326,42,5722.260312
148.332226,33,5724.727673
153.177231,115,5733.246423
244.4937,88,5738.127425
123.67116,24,5741.490124
151.474556,36,5744.976873
133.782609,21,5746.911912
176.903011,51,5750.050952
240.452749,86,5755.274897
234.44552,81,5759.763557
202.394233,64,5764.229877
135.739999,22,5765.655815
194.574429,59,5769.264854
181.871189,54,5772.381018
184.746156,68,5776.438917
136.064303,37,5780.476912
203.003446,67,5786.150782
197.902756,82,5792.919777
157.459829,39,5797.095481
171.115382,50,5801.838888
165.438368,129,5810.831897
192.059081,57,5815.233578
226.152222,34,5819.104685
240.474324,87,5824.243021
184.572768,51,5827.14043
140.628872,25,5828.643636
199.635212,79,5834.921291
129.289651,20,5836.649827
112.818045,11,5837.51412
231.466083,85,5842.256481
242.926709,91,5848.129307
166.065417,44,5850.80422
221.0331,73,5855.124086
125.691922,65,5858.77297
161.56511,41,5861.134463
234.846759,83,5865.895251
149.870576,32,5868.519456
177.475748,48,5871.180568
205.048673,66,5875.696357
169.989567,45,5878.657907
217.138166,73,5882.852385
263.641596,104,5889.763786
273.927264,46,5894.359317
219.510693,78,5900.599849
167.161531,46,5903.247124
148.549,75,5909.336389
247.224306,46,5913.858654
116.724474,14,5915.165883
119.652452,19,5916.441391
167.274606,47,5919.482275
168.224777,54,5923.183052
215.050148,72,5927.186683
224.57253,78,5932.238766
204.954718,64,5936.880639
233.674877,81,5942.148779
303.647455,82,5948.585603
131.85746,23,5950.682181
177.61016,53,5953.673605
136.64974,61,5959.016898
279.734729,50,5963.749145
191.480468,56,5966.975982
141.251058,27,5968.662704
119.21464,14,5969.995186
217.214012,73,5974.217906
182.35609,53,5977.434596
154.078466,38,5981.181212
168.277389,44,5983.734328
150.014088,36,5985.796468
253.057314,97,5992.277907
174.206344,45,5995.039199
144.468929,26,5996.739509
209.707768,67,6000.638308
215.548589,74,6004.828997
177.329585,47,6007.702378
157.381526,39,6009.955141
181.985089,56,6013.412898
118.511974,14,6016.013412
198.852853,62,6019.634192
168.902424,45,6022.897906
165.557756,40,6025.589095
176.048209,53,6028.971913
130.696866,24,6031.0931
195.347597,40,6033.623661
109.260326,16,6035.083711
177.512392,47,6038.245445
176.370686,49,6041.882512
179.745707,51,6045.241746
251.317132,96,6050.782069
194.704003,58,6054.686018
145.244703,29,6056.760453
110.937675,10,6057.580884
151.188425,54,6061.498948
201.985758,64,6065.786788
124.812148,19,6067.168687
154.122605,19,6069.064322
206.674394,70,6073.148305
217.908593,71,6077.26202
207.231734,71,6081.292501
188.303022,56,6084.746105
197.300838,63,6088.511366
175.630109,48,6091.38142
183.588183,51,6094.30588
243.993842,87,6099.544699
162.205541,41,6101.886976
134.534554,24,6105.213172
147.831877,36,6107.972155
209.599947,67,6112.271152
220.695011,79,6117.599746
222.451058,80,6121.982509
178.455003,49,6126.049097
203.478273,69,6130.283324
272.713659,112,6136.916774
161.20738,41,6139.267304
231.166942,80,6144.131003
201.424522,16,6145.171844
185.181148,55,6148.831353
236.153409,82,6153.376184
200.284725,68,6157.435921
216.012414,74,6163.00984
133.323519,30,6164.769634
182.028229,50,6167.6821
187.371668,54,6170.879619
182.411557,51,6174.020736
144.849747,30,6175.723007
179.079881,53,6179.351506
148.05277,30,6181.164243
150.263045,36,6183.6281
132.930618,23,6184.995415
202.33481,64,6189.258376
183.046877,49,6192.384922
228.494131,80,6196.881452
183.669927,58,6200.214938
162.204523,38,6202.392099
173.165243,50,6205.452691
281.768376,45,6208.788833
208.798667,66,6212.569131
193.896502,59,6215.938775
179.515953,51,6219.031314
214.509799,71,6223.451572
107.874584,6,6223.899287
150.643705,32,6227.026801
119.580116,17,6228.029925
212.259108,69,6232.132166
198.729261,60,6235.528706
125.610071,16,6237.148792
187.700699,57,6240.580171
190.627273,58,6244.032565
176.391498,47,6247.873283
157.104526,37,6251.15761
211.57162,73,6255.323707
212.666184,71,6259.280209
219.387511,76,6263.707142
190.925001,62,6268.057317
129.651222,25,6269.58329
189.765153,44,6272.437724
172.384545,45,6275.156183
131.078663,22,6276.580381
181.976754,50,6279.46278
106.843728,5,6280.341326
153.941787,34,6282.297179
174.848679,47,6285.42573
238.593407,84,6290.996905
256.842389,85,6297.573742
208.533198,67,6301.891329
172.867379,87,6308.624603
233.125239,52,6313.453809
208.638337,66,6317.254662
144.894324,31,6319.745083
253.449053,94,6325.099151
156.609607,35,6327.362329
195.945171,65,6330.907189
142.476585,27,6332.465429
163.314276,39,6334.713125
167.021768,34,6338.597735
238.58281,35,6340.695515
167.792257,47,6343.380372
199.389249,60,6347.671309
197.756075,28,6349.22894
169.689707,44,6352.345143
136.167808,69,6358.057846
211.232275,69,6361.902661
132.036674,21,6365.069
152.427677,33,6367.184654
138.10643,29,6368.862083
113.090826,9,6369.459172
164.022498,43,6371.882359
222.481354,74,6376.920118
229.583423,82,6381.832633
271.540418,49,6385.82891
222.70908,23,6389.083673
162.168224,39,6391.290618
247.731691,96,6397.480473
154.059275,37,6399.583037
234.329906,81,6405.536303
180.762098,51,6408.975243
208.155818,68,6412.798355
214.433954,70,6417.263442
128.655584,19,6418.512244
175.314495,49,6421.536408
193.19927,57,6424.938762
146.449629,33,6426.928702
135.996124,26,6428.511125
161.603779,38,6430.789759
225.862789,76,6435.283387
233.655443,85,6440.154669
99.748424,72,6444.375437
236.544001,84,6449.161131
169.892369,43,6451.675115
158.703957,36,6453.79918
204.836385,83,6458.647465
191.872163,56,6462.675876
202.095014,63,6466.161555
131.329049,23,6468.374639
169.65032,49,6471.485969
123.601651,19,6473.268749
169.574413,66,6479.034501
224.117969,81,6484.103728
116.99111,13,6484.981887
188.593585,55,6488.401566
119.942794,13,6489.224604
241.716096,87,6494.363802
136.560065,25,6495.923759
189.517621,58,6499.37943
136.844408,23,6500.788312
172.946171,45,6503.540325
150.882095,31,6505.411613
223.697209,74,6509.751276
175.485439,20,6512.846338
213.99299,70,6517.017015
115.421038,11,6517.912117
140.805697,27,6520.252819
169.813817,46,6522.854711
214.979454,75,6527.221189
192.587023,58,6531.096585
213.902137,69,6535.608578
194.588921,59,6539.493023
166.802322,49,6544.161874
127.915548,22,6545.505036
192.410527,56,6548.707968
242.707803,28,6550.382114
279.145899,82,6555.335908
140.898564,29,6557.063595
160.816046,38,6559.278968
177.431553,47,6562.381096
126.851394,92,6569.36285
108.032957,8,6571.488336
237.605027,86,6576.497597
124.306824,18,6578.235032
187.070401,56,6581.594941
195.612815,60,6586.040405
179.337626,50,6589.139539
171.743555,44,6591.701495
204.129952,88,6596.945044
137.983202,24,6598.400994
158.361644,37,6600.850176
241.995293,89,6606.058325
161.644097,39,6608.317387
205.742938,68,6612.62905
146.022516,30,6614.494214
208.872196,69,6618.437508
144.82381,29,6620.072671
188.791402,56,6623.64151
159.47851,40,6626.446357
204.123155,69,6630.402742
164.333798,39,6632.832506
229.12802,81,6637.996394
195.128787,35,6641.983484
182.826646,51,6644.913541
137.761451,24,6646.556108
208.237935,66,6650.34092
162.625589,41,6652.759312
209.152002,66,6656.527412
155.032915,35,6658.717613
228.818651,78,6663.905422
207.497782,65,6668.538532
154.399934,34,6671.301442
152.336452,35,6673.284592
130.940362,20,6675.332521
190.431381,61,6679.298483
224.252186,76,6683.709028
142.141527,29,6685.841918
192.305508,63,6690.133137
176.217615,45,6694.605171
209.348958,78,6699.304239
138.989406,24,6701.993013
121.617804,17,6703.031919
179.79177,55,6706.132957
203.891968,67,6709.896911
204.206612,67,6714.969543
198.92983,60,6719.288297
180.652241,50,6722.509825
168.34751,44,6725.358278
143.776442,36,6728.692028
168.429368,42,6732.82853
240.365993,94,6739.017157
187.978457,62,6742.911328
245.917721,91,6748.249074
243.963773,91,6753.343592
215.506643,73,6758.398874
251.628267,50,6761.691766
205.294275,64,6766.224074
140.641142,25,6767.907936
125.077571,17,6768.919815
221.427817,74,6773.173548
123.532793,17,6774.274451
235.187596,83,6779.087934
170.697007,44,6781.775878
133.81778,22,6783.147251
181.991557,50,6786.102351
182.55222,57,6789.278981
216.078181,70,6793.171121
143.230935,29,6794.914378
129.88977,24,6796.383482
158.274141,38,6799.159948
151.698772,32,6801.044864
201.968859,63,6804.704304
154.977274,37,6807.901777
214.38885,72,6812.030012
220.88061,75,6816.335791
109.139548,8,6816.838258
151.499432,37,6818.984981
199.966704,64,6822.998022
139.344479,29,6824.692036
147.709528,33,6827.831424
198.487451,63,6831.625006
195.308329,58,6835.164179
218.733945,73,6839.422262
176.148447,50,6842.2817
173.690148,48,6845.299582
223.750488,78,6849.82584
216.586297,74,6854.543828
172.103327,63,6859.219077
199.136696,64,6862.993156
175.036537,50,6866.065268
275.713277,108,6872.646657
210.287502,68,6876.53646
157.699999,40,6879.171149
217.741049,75,6883.843368
134.209172,26,6885.763187
145.689629,28,6888.097997
144.499147,28,6889.683865
202.982741,64,6893.511042
210.851073,69,6897.680837
263.617842,100,6903.283045
208.656615,67,6907.341017
227.798174,80,6912.286912
186.962693,57,6915.55569
263.180789,46,6920.101882
162.962649,42,6922.571245
166.946134,42,6925.469947
177.562902,52,6928.321831
193.738933,57,6931.785658
132.621062,24,6933.300847
181.694472,50,6936.891783
217.063808,75,6941.149066
208.309441,68,6945.074883
186.57442,57,6948.332882
199.635008,63,6952.249968
132.322556,22,6953.798489
148.270167,31,6955.718637
99.894281,1,6956.831131
111.498246,12,6957.558204
193.749471,62,6961.184705
129.861043,22,6964.252821
109.522431,19,6966.338441
142.998028,30,6968.118981
248.592601,91,6973.595868
125.453927,70,6978.024614
138.3908,26,6979.535276
154.990352,36,6981.665588
170.003365,44,6984.223283
126.915057,17,6985.259696
188.591269,64,6989.000172
114.18746,10,6990.09081
150.725472,39,6994.165049
147.824662,29,6995.812499
230.848535,82,7001.267667
176.23246,51,7004.205408
140.927614,29,7006.220474
153.748723,33,7008.954016
256.938302,95,7014.368407
138.612433,26,7016.284202
142.686731,28,7017.87174
129.29323,18,7018.936669
179.981543,51,7021.850769
208.346786,66,7025.638511
143.583971,34,7028.313909
217.451958,55,7033.331827
165.464995,52,7036.269868
136.069962,24,7037.72204
219.017475,73,7042.146342
223.592578,40,7045.544795
138.513105,24,7047.648352
139.291106,27,7049.584702
190.225793,58,7053.659664
161.801962,40,7056.144933
130.449934,62,7059.539696
168.857656,42,7062.348535
152.555206,32,7064.454569
194.403665,59,7068.130847
182.124967,28,7070.520396
191.756477,56,7074.185021
140.123792,26,7076.779938
185.465047,53,7079.791284
221.300348,74,7084.36887
203.550798,66,7088.257584
189.419722,59,7091.591307
174.060428,48,7094.298087
187.341274,53,7097.429858
147.50052,19,7098.606382
153.688698,33,7100.682244
149.07987,32,7103.161472
194.673271,60,7106.752269
210.066335,70,7110.800768
213.822389,71,7115.282902
201.523385,63,7119.731254
126.38033,17,7121.037302
147.942079,30,7123.080149
193.701063,57,7126.665399
280.117356,114,7132.920842
136.280135,77,7137.267511
186.742372,54,7140.319214
250.327677,93,7145.441195
214.807582,73,7150.189138
238.961643,86,7155.301547
189.19877,54,7158.647125
169.67772,47,7161.49631
179.11137,48,7164.434595
211.73732,70,7168.315346
141.799968,28,7169.988788
122.748178,25,7172.11404
239.561776,85,7176.783291
148.564775,30,7179.978029
120.298175,14,7180.82764
201.616027,63,7184.520408
170.442448,52,7187.651327
139.287808,28,7189.282101
153.032572,36,7191.96481
270.223658,105,7198.368978
128.384973,20,7200.315692
166.341062,43,7202.866437
189.258079,57,7206.016021
141.902482,26,7207.761344
200.666032,62,7211.605257
112.357199,11,7213.143496
206.190144,65,7217.137082
145.058436,29,7218.933823
165.145871,42,7221.491179
227.467439,77,7225.798883
192.432396,57,7229.122074
190.222247,63,7232.736889
188.779672,54,7236.027948
126.571442,20,7237.941491
151.086321,33,7239.963087
138.118438,26,7242.07842
217.01247,75,7246.287691
238.447666,88,7251.416926
185.265548,56,7254.816561
153.207292,35,7257.038011
163.957784,41,7259.840119
180.401895,51,7263.568536
132.086084,21,7265.742745
202.352914,62,7269.622077
136.436818,89,7276.444232
115.817304,19,7277.900912
228.064048,78,7282.65317
143.795698,32,7285.033443
123.34781,18,7286.824898
157.248281,36,7289.30713
176.898773,50,7292.361686
236.191321,30,7294.62219
111.326677,11,7296.444473
214.351811,72,7301.009683
108.461136,6,7301.393781
191.631191,56,7304.641219
176.314112,49,7307.741171
186.377736,40,7311.92606
250.789929,66,7317.702051
223.535695,76,7322.189595
245.72215,90,7327.133986
157.237268,42,7329.529669
204.329559,71,7333.553383
190.465927,55,7337.013518
214.865475,70,7341.307127
188.638712,58,7344.619924
145.768891,66,7350.262829
139.935014,25,7351.933752
152.778826,35,7354.010081
176.000086,57,7357.465219
151.35414,32,7359.358939
187.087774,56,7363.037315
161.862282,38,7365.214623
226.709749,79,7369.675371
146.370329,29,7371.715114
128.768582,50,7376.372815
148.643601,32,7378.544622
250.459582,27,7380.182168
128.429723,18,7381.343378
191.115145,60,7384.724487
257.000243,95,7390.833737
205.565529,64,7394.597372
237.87414,88,7401.188807
147.17024,29,7404.186093
198.648921,63,7408.644538
215.218324,73,7412.773052
185.146103,54,7415.899818
188.095978,54,7419.688975
208.50788,67,7423.43642
199.488985,61,7426.859982
235.509003,87,7432.084148
177.207096,47,7435.738357
146.384672,79,7441.991993
125.957234,16,7442.907793
193.039911,58,7446.140677
167.60933,41,7449.108929
200.978155,62,7452.674056
224.143367,78,7457.037712
161.63066,42,7460.077197
155.739392,35,7462.061198
149.876353,32,7463.933183
239.88709,89,7468.973721
267.687044,31,7471.056191
159.420078,62,7475.001987
261.908351,33,7477.296735
129.58213,23,7478.762294
144.113815,27,7480.382437
174.911847,50,7483.270481
218.189885,68,7487.820382
240.257545,87,7492.995018
200.518573,63,7496.625188
183.663039,52,7499.498678
126.586566,18,7500.613789
146.938347,31,7502.789841
131.051707,22,7504.041861
149.24101,35,7506.92035
227.545051,63,7512.379373
131.571742,20,7514.121353
206.450187,86,7519.185719
188.355133,54,7522.479698
194.836225,58,7525.906829
162.137875,38,7528.19251
122.589776,18,7529.746182
190.183942,16,7530.838992
212.981531,69,7536.199968
195.659628,59,7539.742073
144.127911,61,7545.0235
119.507081,49,7547.957958
212.383017,72,7553.442876
203.818867,63,7557.162224
231.107907,81,7561.708249
130.754502,24,7563.11259
169.415746,44,7565.786173
212.590834,70,7570.107197
157.67983,43,7572.535078
197.332826,63,7576.343222
231.401875,84,7581.39028
133.462962,23,7582.951197
206.306585,65,7586.652251
196.620558,60,7590.029234
202.007554,65,7594.6581
231.277998,107,7602.480553
133.338106,21,7605.022671
108.328174,8,7605.56249
191.335925,56,7608.679356
167.656846,42,7612.406882
169.815809,46,7615.897945
136.523495,26,7617.571548
154.329411,22,7620.410043
120.092256,13,7621.354927
237.53115,88,7626.359437
235.882524,87,7631.694684
194.892976,60,7635.10157
230.092141,61,7638.552188
229.152767,82,7643.15221
193.406644,59,7647.063337
124.980237,19,7648.505494
183.497847,69,7652.709745
225.199268,77,7657.070825
254.191301,95,7662.545016
232.803159,85,7668.465848
289.286741,75,7674.698339
144.758112,34,7676.880736
155.232971,36,7679.594804
140.419973,25,7681.274579
151.450687,31,7683.065927
153.865337,33,7684.940437
159.747336,25,7688.286411
163.484161,41,7692.457353
192.838719,60,7696.665568
203.655824,68,7700.765404
206.608022,68,7704.714208
117.876394,12,7705.90462
199.045751,60,7710.048912
222.790312,81,7715.49124
175.117723,49,7718.745199
138.06129,29,7721.387075
124.23619,19,7722.518834
138.485823,27,7724.886537
161.342052,60,7728.214032
216.23354,72,7732.792895
139.827292,28,7734.520966
160.030723,41,7737.372051
218.130327,75,7742.504601
203.519393,67,7746.443733
250.951864,92,7752.263662
170.120434,47,7755.000105
161.14046,41,7757.327632
175.982902,89,7762.550809
181.695836,54,7767.141061
165.355654,41,7769.984854
184.368481,56,7773.200875
144.042796,28,7775.184519
156.387547,54,7780.242039
232.080738,85,7785.6674
213.78204,65,7789.995317
225.6035,79,7794.326203
160.345168,40,7796.636554
206.253367,64,7801.15222
147.605391,39,7803.525385
250.099492,94,7809.312299
135.149498,25,7810.738414
135.735954,22,7813.219057
121.571389,21,7814.531615
244.763109,93,7820.524326
205.473394,65,7824.29355
150.794724,68,7830.10364
130.141573,19,7832.109483
190.615471,57,7836.313679
134.80703,26,7837.815093
137.917768,25,7839.827498
218.914803,77,7844.453338
219.448971,91,7849.94327
219.679505,75,7854.700733
192.201921,60,7858.067941
171.911193,47,7861.211411
223.702454,78,7865.926278
184.4211,54,7869.109969
208.439661,66,7873.182805
161.36857,38,7875.32209
208.163389,69,7880.548987
245.432413,89,7886.916895
172.348862,44,7890.938815
200.421348,62,7895.092278
145.851518,28,7896.739942
203.841661,65,7900.465552
229.91872,79,7905.118361
167.259865,17,7906.660321
243.567777,88,7911.65805
188.938187,55,7915.180884
203.056275,66,7919.067542
213.024276,89,7925.206258
229.276468,83,7929.937797
155.370726,22,7931.551216
148.888323,35,7934.209702
186.581785,54,7938.473498
119.016144,13,7940.104286
139.135463,29,7941.806867
184.497841,56,7945.245361
167.784368,45,7948.482635
196.472369,42,7950.835011
125.603655,16,7951.990466
170.107881,46,7954.622714
222.694691,75,7958.944191
205.27104,34,7962.819254
187.465531,53,7966.32404
209.820724,67,7970.308749
169.009637,46,7973.177363
256.526972,97,7978.850625
207.161546,65,7982.931397
116.44074,13,7984.140155
217.059819,74,7988.600159
221.143881,78,7993.203264
258.229265,95,7998.707627
211.538867,70,8003.540125
163.605182,39,8005.87273
167.446418,42,8008.702666
167.911808,42,8011.120271
189.190997,65,8014.664469
141.994382,26,8016.538794
232.068189,80,8021.445864
186.765155,56,8024.624312
241.867128,86,8029.514701
145.544232,28,8031.39569
196.512456,64,8036.359457
270.840664,35,8038.799845
147.940205,31,8041.592509
166.880059,42,8044.110307
232.219923,28,8047.699334
162.525593,41,8050.175334
173.146812,47,8054.54785
98.06569,51,8057.783718
195.903829,66,8061.908742
181.220262,50,8065.785541
228.948892,82,8070.730341
201.42353,64,8074.582499
235.832107,23,8077.898314
217.659793,72,8081.990104
192.07652,58,8085.622094
185.212677,53,8089.917605
113.632719,9,8090.668535
142.864893,87,8097.367033
138.950176,26,8099.732245
192.536341,56,8103.761796
213.885478,69,8107.793418
204.738357,65,8111.927243
209.991012,69,8116.056982
240.432944,46,8118.773158
196.967779,62,8122.293303
144.723115,29,8123.936346
235.271594,85,8128.697684
270.718156,104,8134.99706
356.308566,71,8139.801703
149.908772,31,8141.6006
113.161675,10,8143.063245
231.658463,25,8144.626207
128.347639,18,8146.162029
149.458808,32,8148.21895
216.47755,70,8152.13574
160.771949,37,8154.466312
114.293417,10,8156.452519
249.975492,91,8161.79153
237.035014,87,8167.188249
241.540664,70,8173.086271
125.124193,58,8178.266854
188.672,54,8182.890387
179.205756,49,8185.739346
203.986262,68,8189.458151
145.81762,31,8191.981188
142.639165,33,8195.558381
210.472383,76,8200.084073
147.005902,31,8202.818699
183.001575,52,8206.352053
144.047363,31,8208.624332
111.716634,12,8209.969775
190.616858,57,8213.322884
185.971177,53,8216.464007
148.136269,33,8220.300001
166.454431,43,8224.606525
198.126416,66,8228.580122
100.351919,63,8232.129144
243.254596,87,8238.538993
131.305194,21,8240.328885
209.706152,74,8244.717215
154.072737,62,8248.783462
127.768952,20,8249.931144
229.920862,78,8254.227262
134.387693,22,8255.588949
168.207925,47,8258.491912
221.839076,74,8262.613662
128.418567,18,8264.714239
166.02416,47,8267.542708
109.690447,9,8268.350338
183.61001,54,8271.409148
168.062554,43,8273.96279
168.730184,43,8276.725282
213.685915,71,8280.663455
179.470628,50,8284.199938
174.61577,52,8287.604527
205.031353,64,8291.261571
142.188648,33,8293.431384
207.864973,65,8297.092244
192.078649,56,8300.839957
191.26577,60,8304.512282
162.401911,38,8307.105967
199.583206,60,8310.559978
203.174175,68,8315.495843
166.075055,44,8317.967743
144.890425,30,8321.099093
202.774333,64,8325.618597
213.176607,70,8331.221343
178.735282,46,8336.340052
177.076749,48,8339.211474
180.24428,51,8342.236566
184.44355,52,8345.259852
175.956297,117,8353.56784
188.802629,60,8357.433988
143.372687,29,8360.500505
182.659071,52,8364.471259
176.687058,47,8367.097062
199.006043,60,8370.469187
170.121716,45,8373.752072
191.060257,56,8377.158675
131.651122,78,8383.711969
146.235491,34,8385.722653
184.389283,41,8388.39135
167.001332,45,8391.520122
165.285391,42,8394.67455
198.904783,63,8398.387737
125.492338,16,8399.440119
150.027905,31,8402.448076
172.130472,44,8405.724927
127.779516,18,8407.008976
212.700874,68,8411.516343
189.703291,58,8415.394971
144.485352,31,8417.433346
236.784062,86,8423.511298
152.540911,34,8425.588562
189.912551,57,8429.924047
254.669578,96,8435.165777
269.941753,57,8440.37104
192.211016,60,8443.7298
130.985274,26,8445.753326
170.127071,46,8448.381004
220.55031,70,8452.223217
142.560552,15,8453.107465
140.660033,25,8454.647392
233.280739,86,8459.381602
111.489727,11,8460.437728
207.003239,66,8464.122528
157.351475,37,8466.341135
194.405539,63,8470.099866
227.191193,82,8475.132593
184.120159,52,8477.976291
168.80693,43,8481.214937
204.748204,66,8484.798497
191.615383,50,8489.656031
190.417944,58,8493.041659
192.534909,56,8496.791215
118.999786,12,8499.164229
196.275646,60,8504.035403
190.843134,70,8509.854948
115.124076,12,8511.155748
110.295073,7,8512.296721
275.425666,112,8518.848284
137.377763,27,8520.759323
190.410314,63,8524.503863
226.874549,76,8528.615237
181.738251,50,8531.717864
166.63219,43,8534.34283
171.319036,45,8537.079041
207.292167,65,8540.681542
229.69719,80,8545.425849
208.603553,70,8549.327604
182.098888,51,8553.175263
187.676035,53,8556.895072
182.112766,53,8560.519465
217.049251,74,8564.756317
214.574296,69,8568.781919
114.093745,12,8569.731184
147.342999,30,8572.146933
120.212869,17,8574.678017
232.238703,78,8579.665086
183.476495,53,8582.803889
248.339618,93,8588.19504
240.611779,87,8593.313426
231.08914,74,8599.327113
162.558448,38,8601.902432
159.886589,40,8605.382132
240.321544,134,8614.958471
229.871347,81,8620.070197
148.552969,30,8622.110404
224.225873,88,8627.497165
122.588202,16,8629.397821
214.121774,69,8633.247737
118.048281,13,8634.525209
135.933899,30,8636.298749
228.189664,81,8641.063099
166.598537,51,8643.949538
178.814079,50,8646.923226
123.681934,16,8647.913492
241.317332,85,8653.625134
122.484329,15,8654.565536
224.429356,76,8658.87751
160.516881,37,8661.515172
204.82306,64,8665.127639
199.910234,61,8668.558803
201.120629,61,8673.326324
156.460288,36,8675.81514
165.119414,41,8678.290166
233.218623,81,8682.883487
200.93774,62,8687.177859
170.743242,44,8691.024002
196.386067,61,8695.379222
106.100235,5,8696.217128
107.49046,8,8697.047881
208.515939,69,8701.621113
136.29995,23,8702.921933
155.131239,43,8705.302622
153.574573,35,8707.509842
165.406813,40,8709.85787
171.976669,47,8712.730964
155.915043,36,8715.53173
201.409962,64,8719.308231
203.625122,66,8723.23779
242.076263,89,8728.551354
131.765634,21,8730.047276
119.787693,14,8730.876819
179.273554,59,8735.075036
171.348706,47,8737.796874
181.087983,50,8741.217428
154.572264,54,8745.46898
171.92127,45,8748.476248
246.206869,48,8753.14307
222.984808,86,8759.786453
181.815857,52,8764.067379
156.860723,42,8768.341275
206.834485,34,8770.539874
164.344083,42,8773.039428
203.822908,67,8777.015454
172.956931,45,8779.65133
267.552244,79,8783.969381
145.362232,30,8786.123389
147.086843,29,8788.438471
127.468128,24,8790.715548
192.124334,56,8794.695559
219.672142,73,8798.877908
178.907178,48,8802.03104
208.51589,65,8805.628946
227.985957,78,8810.240074
186.115023,53,8813.629784
173.737395,48,8816.416735
124.745236,19,8817.840714
207.81009,65,8821.539178
233.873175,85,8826.849155
210.045876,67,8831.130811
206.669561,68,8835.04099
153.749933,36,8838.197671
215.184683,70,8842.038515
161.950895,43,8844.4533
164.152634,39,8846.885952
178.268333,48,8849.824916
167.082178,42,8852.2982
140.78958,33,8854.283094
185.367449,53,8857.363115
202.423263,65,8861.017136
219.493858,72,8865.772735
136.194064,23,8867.659113
186.83729,53,8871.073973
182.633791,52,8874.329752
101.048548,2,8874.998503
106.734259,7,8876.0041
138.329624,47,8879.285797
154.890914,35,8881.361195
196.446347,60,8885.305686
203.039254,66,8889.882572
177.375376,47,8892.836529
207.528899,69,8896.875817
149.247969,30,8899.925014
189.631954,8,8900.957504
202.540363,62,8904.639324
161.534497,38,8908.323858
204.317133,63,8911.856511
191.909548,57,8916.437613
193.858412,59,8919.898157
292.214311,52,8923.053269
149.804249,34,8925.384074
220.906836,77,8929.564986
174.749231,46,8933.443882
226.849989,78,8939.400313
178.115672,47,8942.158293
203.704676,65,8946.127162
236.735309,83,8951.527021
230.325915,81,8956.80999
166.215622,43,8960.106705
200.887079,63,8963.626316
262.443442,102,8970.609604
165.161506,42,8973.460706
249.565217,95,8978.871922
250.102665,96,8984.229822
216.994782,116,8992.492806
138.941778,26,8994.053963
236.023112,60,8999.299837
120.756105,13,9000.753754
136.384662,28,9002.51866
206.595691,65,9006.925518
209.403879,37,9009.08541
143.910632,27,9010.651067
194.568018,74,9015.095442
239.492168,90,9020.589213
118.258179,15,9021.971395
183.158154,52,9025.638906
161.643668,41,9028.351813
161.284436,41,9030.719898
204.817465,67,9034.589877
157.754659,36,9036.670579
95.692805,83,9042.134173
125.769579,18,9043.614079
173.532211,49,9047.905945
223.829581,78,9052.22762
177.03261,49,9054.960356
149.234763,33,9057.2362
133.926635,24,9058.696538
202.453051,66,9062.675763
218.056559,72,9067.461848
229.539652,82,9072.301899
201.175267,50,9075.14805
172.506016,27,9077.226521
149.858827,35,9079.259186
128.204703,18,9080.429711
216.34996,70,9084.631171
135.020549,23,9085.960559
161.945653,40,9088.399318
179.077365,50,9091.453314
134.338545,47,9094.822445
180.71135,53,9098.16431
149.546717,30,9099.873471
171.540191,45,9102.83061
127.376118,26,9104.316479
235.126483,86,9109.130277
142.421788,30,9110.876865
152.39636,32,9113.063281
244.344022,87,9118.382548
204.324406,65,9122.192366
199.060397,61,9125.823313
114.891017,12,9126.55362
211.293582,70,9130.488669
212.327572,74,9134.855142
223.350558,78,9139.906125
233.852137,73,9144.640006
199.304806,60,9148.096931
209.738848,66,9152.00233
181.610525,52,9155.129772
244.629139,90,9160.260574
168.78202,44,9162.740098
158.299509,38,9165.017823
153.063482,36,9167.148129
197.039385,62,9170.672185
149.261115,35,9172.633284
180.916991,49,9176.017876
261.802582,87,9182.742665
173.455985,45,9185.426904
141.411883,28,9187.121111
155.872118,22,9188.573014
231.122284,82,9193.830304
199.996866,64,9198.610581
168.299914,42,9201.727384
253.126066,58,9205.269227
218.759301,60,9210.552767
198.982182,64,9214.837661
130.197702,24,9216.571553
137.347497,24,9218.023791
131.747339,23,9219.543221
136.487522,23,9220.921247
224.698365,78,9225.36937
168.785077,43,9227.995971
124.333855,16,9229.155444
173.990213,45,9231.661917
149.764778,79,9237.941615
193.310813,58,9242.103839
234.747454,82,9246.910742
156.607474,36,9249.505512
184.043269,55,9252.599319
204.75688,64,9256.253348
197.454497,63,9259.887375
163.710511,39,9262.224196
169.357621,42,9264.64309
157.323162,35,9266.8914
135.684543,24,9268.541209
152.144163,36,9270.71817
193.161736,54,9274.017741
185.063195,55,9277.20109
138.816342,27,9279.402084
124.435414,9,9280.057178
217.729261,73,9284.299414
195.638319,61,9288.218186
245.468173,90,9293.688731
231.392578,80,9298.867764
202.620212,71,9303.024913
225.472887,81,9308.919178
186.094406,52,9311.93643
176.803845,55,9315.085823
255.750563,95,9321.319179
152.007116,33,9324.089406
182.328971,50,9328.133825
208.360782,68,9332.069228
218.453769,77,9337.030527
177.659586,48,9340.962571
253.173079,93,9346.167549
230.436636,51,9350.113364
200.271141,62,9354.225605
127.019987,23,9355.792155
132.932578,26,9357.696009
185.648169,53,9360.76559
140.13199,26,9363.169275
143.876211,30,9365.30341
180.158108,49,9368.282038
240.818901,85,9373.268474
226.81476,77,9377.993297
168.918179,45,9380.457256
228.78108,79,9385.606407
158.551014,61,9389.269376
198.001459,62,9392.708205
265.487529,71,9396.59657
170.548154,43,9399.405241
146.003699,29,9401.294071
182.652974,62,9405.087298
143.787983,30,9407.113907
227.143089,77,9411.415018
152.817155,36,9413.705909
180.553856,49,9416.591508
164.492167,43,9419.36695
186.801942,20,9420.85482
268.93091,105,9426.59608
143.319358,27,9429.178283
198.062637,15,9430.253359
156.73735,36,9432.727808
208.365961,69,9438.609929
168.187491,44,9441.189329
217.587149,78,9445.608335
178.952919,52,9448.565037
151.095167,35,9450.582078
248.403259,90,9457.145498
289.278757,117,9463.750214
135.229098,29,9465.587895
220.149,76,9471.277238
200.639474,62,9475.332162
137.571729,23,9476.773674
286.134186,117,9483.298819
148.106475,33,9486.784158
235.208205,83,9491.64733
207.391484,67,9495.941167
273.572367,44,9498.443585
161.602832,39,9500.918994
181.962511,50,9503.793731
152.31545,37,9505.973663
226.776556,80,9511.107356
158.239706,39,9513.777251
253.452105,95,9519.75544
143.583632,30,9521.70724
135.494178,22,9523.220383
223.650644,82,9527.954618
189.326327,54,9531.450785
175.559894,50,9534.627331
171.547669,44,9537.25451
199.016682,62,9540.712089
160.153803,38,9542.937051
117.081847,11,9543.675681
170.220742,49,9547.585417
127.644423,19,9548.746795
226.952579,81,9553.496029
187.590816,53,9556.79958
207.224408,65,9560.625962
203.649524,66,9564.464213
201.68535,62,9568.148129
161.120749,38,9570.435447
142.786571,31,9572.388811
206.479199,64,9576.174792
167.982297,50,9579.024967
110.131574,7,9580.89244
213.949575,69,9584.661312
194.457426,79,9589.314483
207.456567,66,9593.118742
197.400104,60,9597.869502
140.263473,25,9599.673618
152.387577,34,9601.961103
128.051437,18,9602.993092
260.317823,89,9609.88077
220.865622,75,9614.320268
118.016173,12,9615.682751
185.212566,55,9618.819703
228.801437,79,9623.463539
197.680426,61,9627.082107
130.958534,19,9628.250107
179.772054,51,9631.285256
139.761646,28,9633.036337
175.233998,46,9635.892869
233.595352,81,9640.647873
122.565712,17,9641.88386
190.886719,59,9645.535903
173.861818,45,9648.371966
210.632495,67,9652.501557
216.103648,41,9655.02901
169.41717,46,9657.982983
222.860528,93,9663.230356
146.049824,29,9666.019442
176.07598,46,9669.365785
141.332117,30,9671.02595
176.527656,49,9674.337858
140.733862,25,9676.176066
141.734642,38,9678.629567
175.770417,48,9681.406494
195.279619,59,9686.298937
170.917004,46,9689.05513
211.921075,73,9693.02291
186.88231,53,9697.864872
229.4875,81,9702.59791
116.863022,11,9703.937817
188.398052,55,9707.572524
166.488263,47,9710.4047
156.242772,37,9713.309545
146.412016,29,9715.504886
151.744163,37,9717.670182
217.720628,46,9720.213397
112.75738,10,9722.122156
148.258426,30,9725.265126
177.086178,50,9728.359277
112.918638,9,9729.170053
192.429567,62,9732.858082
164.319961,40,9735.300198
189.108728,59,9739.322303
110.248991,9,9740.724747
198.890692,69,9744.994397
221.52498,69,9748.803879
217.855275,41,9751.350382
200.398401,62,9755.022088
128.977384,22,9756.476052
180.253622,49,9759.456831
165.517798,44,9763.188833
197.122329,61,9766.717394
167.062727,45,9769.579055
250.106647,92,9776.426984
129.412062,22,9777.706859
216.162255,71,9782.081782
179.407705,50,9785.786186
211.27814,68,9789.64806
191.096933,56,9792.821102
188.24602,55,9795.979223
